2025-04-02 14:19:41,opendata.swiss,Fetch Dataset Names,1,0
2025-04-02 14:19:41,opendata.swiss,Save Dataset Names to CSV,1,0
2025-04-02 14:19:41,opendata.swiss,Dataset Count,13221,0
2025-04-02 14:20:38,opendata.swiss,Download XML Metadata,50,0
2025-04-02 14:20:41,opendata.swiss,Clean XML Files,50,0
2025-04-02 14:20:47,opendata.swiss,Hash Status: new,40,0
2025-04-02 14:20:47,opendata.swiss,Hash Status: found,10,0
2025-04-02 14:20:47,opendata.swiss,Files Extracted,40,0
2025-04-02 14:20:47,opendata.swiss,Rows in Datasets CSV,40,0
2025-04-02 14:20:47,opendata.swiss,Rows in Distributions CSV,55,0
2025-04-02 14:20:47,opendata.swiss,Rows in Contact Points CSV,41,0
